Date,IX874
2021-06-17 00:00:00,0.0
2021-06-17 00:15:00,0.0
2021-06-17 00:30:00,0.0
2021-06-17 00:45:00,0.0
2021-06-17 01:00:00,0.0
2021-06-17 01:15:00,0.0
2021-06-17 01:30:00,0.0
2021-06-17 01:45:00,0.0
2021-06-17 02:00:00,0.0
2021-06-17 02:15:00,0.0
2021-06-17 02:30:00,0.0
2021-06-17 02:45:00,0.0
2021-06-17 03:00:00,0.0
2021-06-17 03:15:00,0.0
2021-06-17 03:30:00,0.0
2021-06-17 03:45:00,0.0
2021-06-17 04:00:00,0.0
2021-06-17 04:15:00,0.0
2021-06-17 04:30:00,0.0
2021-06-17 04:45:00,0.0
2021-06-17 05:00:00,0.0
2021-06-17 05:15:00,0.0
2021-06-17 05:30:00,0.0
2021-06-17 05:45:00,0.0
2021-06-17 06:00:00,0.0
2021-06-17 06:15:00,0.0
2021-06-17 06:30:00,0.0
2021-06-17 06:45:00,0.0
2021-06-17 07:00:00,0.0
2021-06-17 07:15:00,0.0
2021-06-17 07:30:00,0.0
2021-06-17 07:45:00,0.0
2021-06-17 08:00:00,0.0
2021-06-17 08:15:00,0.0
2021-06-17 08:30:00,0.0
2021-06-17 08:45:00,0.0
2021-06-17 09:00:00,0.0
2021-06-17 09:15:00,0.0
2021-06-17 09:30:00,0.0
2021-06-17 09:45:00,0.0
2021-06-17 10:00:00,0.0
2021-06-17 10:15:00,0.0
2021-06-17 10:30:00,0.0
2021-06-17 10:45:00,0.0
2021-06-17 11:00:00,0.0
2021-06-17 11:15:00,0.0
2021-06-17 11:16:00,0.01
2021-06-17 11:30:00,0.0
2021-06-17 11:45:00,0.0
2021-06-17 11:55:00,0.0
2021-06-17 11:56:00,0.01
2021-06-17 11:57:00,0.01
2021-06-17 11:58:00,0.01
2021-06-17 11:59:00,0.01
2021-06-17 12:00:00,0.0
2021-06-17 12:01:00,0.0
2021-06-17 12:02:00,0.01
2021-06-17 12:11:00,0.0
2021-06-17 12:12:00,0.01
2021-06-17 12:15:00,0.0
2021-06-17 12:18:00,0.0
2021-06-17 12:19:00,0.01
2021-06-17 12:30:00,0.0
2021-06-17 12:45:00,0.0
2021-06-17 13:00:00,0.0
2021-06-17 13:15:00,0.0
2021-06-17 13:30:00,0.0
2021-06-17 13:45:00,0.0
2021-06-17 14:00:00,0.0
2021-06-17 14:15:00,0.0
2021-06-17 14:30:00,0.0
2021-06-17 14:45:00,0.0
2021-06-17 15:00:00,0.0
2021-06-17 15:15:00,0.0
2021-06-17 15:30:00,0.0
2021-06-17 15:45:00,0.0
2021-06-17 16:00:00,0.0
2021-06-17 16:15:00,0.0
2021-06-17 16:30:00,0.0
2021-06-17 16:45:00,0.0
2021-06-17 17:00:00,0.0
2021-06-17 17:15:00,0.0
2021-06-17 17:30:00,0.0
2021-06-17 17:45:00,0.0
2021-06-17 18:00:00,0.0
2021-06-17 18:15:00,0.0
2021-06-17 18:30:00,0.0
2021-06-17 18:40:00,0.0
2021-06-17 18:41:00,0.01
2021-06-17 18:45:00,0.0
2021-06-17 19:00:00,0.0
2021-06-17 19:15:00,0.0
2021-06-17 19:30:00,0.0
2021-06-17 19:45:00,0.0
2021-06-17 20:00:00,0.0
2021-06-17 20:15:00,0.0
2021-06-17 20:30:00,0.0
2021-06-17 20:45:00,0.0
2021-06-17 21:00:00,0.0
2021-06-17 21:15:00,0.0
2021-06-17 21:30:00,0.0
2021-06-17 21:45:00,0.0
2021-06-17 22:00:00,0.0
2021-06-17 22:15:00,0.0
2021-06-17 22:30:00,0.0
2021-06-17 22:45:00,0.0
2021-06-17 23:00:00,0.0
2021-06-17 23:15:00,0.0
2021-06-17 23:30:00,0.0
2021-06-17 23:45:00,0.0
2021-06-18 00:00:00,0.0
2021-06-18 00:15:00,0.0
2021-06-18 00:30:00,0.0
2021-06-18 00:45:00,0.0
2021-06-18 01:00:00,0.0
2021-06-18 01:15:00,0.0
2021-06-18 01:30:00,0.0
2021-06-18 01:45:00,0.0
2021-06-18 02:00:00,0.0
2021-06-18 02:15:00,0.0
2021-06-18 02:30:00,0.0
2021-06-18 02:45:00,0.0
2021-06-18 03:00:00,0.0
2021-06-18 03:15:00,0.0
2021-06-18 03:30:00,0.0
2021-06-18 03:45:00,0.0
2021-06-18 04:00:00,0.0
2021-06-18 04:15:00,0.0
2021-06-18 04:30:00,0.0
2021-06-18 04:45:00,0.0
2021-06-18 05:00:00,0.0
2021-06-18 05:15:00,0.0
2021-06-18 05:30:00,0.0
2021-06-18 05:45:00,0.0
2021-06-18 06:00:00,0.0
2021-06-18 06:15:00,0.0
2021-06-18 06:30:00,0.0
2021-06-18 06:45:00,0.0
2021-06-18 07:00:00,0.0
2021-06-18 07:15:00,0.0
2021-06-18 07:30:00,0.0
2021-06-18 07:45:00,0.0
2021-06-18 08:00:00,0.0
2021-06-18 08:15:00,0.0
2021-06-18 08:30:00,0.0
2021-06-18 08:45:00,0.0
2021-06-18 09:00:00,0.0
2021-06-18 09:15:00,0.0
2021-06-18 09:30:00,0.0
2021-06-18 09:45:00,0.0
2021-06-18 10:00:00,0.0
2021-06-18 10:15:00,0.0
2021-06-18 10:30:00,0.0
2021-06-18 10:45:00,0.0
2021-06-18 11:00:00,0.0
2021-06-18 11:15:00,0.0
2021-06-18 11:30:00,0.0
2021-06-18 11:41:00,0.0
2021-06-18 11:42:00,0.01
2021-06-18 11:45:00,0.0
2021-06-18 12:00:00,0.0
2021-06-18 12:15:00,0.0
2021-06-18 12:30:00,0.0
2021-06-18 12:45:00,0.0
2021-06-18 13:00:00,0.0
2021-06-18 13:15:00,0.0
2021-06-18 13:30:00,0.0
2021-06-18 13:45:00,0.0
2021-06-18 14:00:00,0.0
2021-06-18 14:15:00,0.0
2021-06-18 14:30:00,0.0
2021-06-18 14:45:00,0.0
2021-06-18 15:00:00,0.0
2021-06-18 15:15:00,0.0
2021-06-18 15:30:00,0.0
2021-06-18 15:45:00,0.0
2021-06-18 16:00:00,0.0
2021-06-18 16:15:00,0.0
2021-06-18 16:30:00,0.0
2021-06-18 16:45:00,0.0
2021-06-18 17:00:00,0.0
2021-06-18 17:15:00,0.0
2021-06-18 17:30:00,0.0
2021-06-18 17:45:00,0.0
2021-06-18 18:00:00,0.0
2021-06-18 18:15:00,0.0
2021-06-18 18:30:00,0.0
2021-06-18 18:45:00,0.0
2021-06-18 19:00:00,0.0
2021-06-18 19:15:00,0.0
2021-06-18 19:30:00,0.0
2021-06-18 19:45:00,0.0
2021-06-18 20:00:00,0.0
2021-06-18 20:15:00,0.0
2021-06-18 20:30:00,0.0
2021-06-18 20:45:00,0.0
2021-06-18 21:00:00,0.0
2021-06-18 21:15:00,0.0
2021-06-18 21:30:00,0.0
2021-06-18 21:45:00,0.0
2021-06-18 22:00:00,0.0
2021-06-18 22:15:00,0.0
2021-06-18 22:30:00,0.0
2021-06-18 22:45:00,0.0
2021-06-18 23:00:00,0.0
2021-06-18 23:15:00,0.0
2021-06-18 23:30:00,0.0
2021-06-18 23:45:00,0.0
2021-06-19 00:00:00,0.0
2021-06-19 00:15:00,0.0
2021-06-19 00:30:00,0.0
2021-06-19 00:45:00,0.0
2021-06-19 01:00:00,0.0
2021-06-19 01:15:00,0.0
2021-06-19 01:30:00,0.0
2021-06-19 01:45:00,0.0
2021-06-19 02:00:00,0.0
2021-06-19 02:15:00,0.0
2021-06-19 02:30:00,0.0
2021-06-19 02:45:00,0.0
2021-06-19 03:00:00,0.0
2021-06-19 03:15:00,0.0
2021-06-19 03:30:00,0.0
2021-06-19 03:45:00,0.0
2021-06-19 04:00:00,0.0
2021-06-19 04:15:00,0.0
2021-06-19 04:30:00,0.0
2021-06-19 04:45:00,0.0
2021-06-19 05:00:00,0.0
2021-06-19 05:15:00,0.0
2021-06-19 05:30:00,0.0
2021-06-19 05:45:00,0.0
2021-06-19 06:00:00,0.0
2021-06-19 06:15:00,0.0
2021-06-19 06:30:00,0.0
2021-06-19 06:45:00,0.0
2021-06-19 07:00:00,0.0
2021-06-19 07:15:00,0.0
2021-06-19 07:30:00,0.0
2021-06-19 07:45:00,0.0
2021-06-19 08:00:00,0.0
2021-06-19 08:15:00,0.0
2021-06-19 08:30:00,0.0
2021-06-19 08:45:00,0.0
2021-06-19 09:00:00,0.0
2021-06-19 09:15:00,0.0
2021-06-19 09:30:00,0.0
2021-06-19 09:45:00,0.0
2021-06-19 10:00:00,0.0
2021-06-19 10:15:00,0.0
2021-06-19 10:30:00,0.0
2021-06-19 10:45:00,0.0
2021-06-19 11:00:00,0.0
2021-06-19 11:15:00,0.0
2021-06-19 11:30:00,0.0
2021-06-19 11:45:00,0.0
2021-06-19 12:00:00,0.0
2021-06-19 12:15:00,0.0
2021-06-19 12:30:00,0.0
2021-06-19 12:45:00,0.0
2021-06-19 13:00:00,0.0
2021-06-19 13:15:00,0.0
2021-06-19 13:30:00,0.0
2021-06-19 13:45:00,0.0
2021-06-19 14:00:00,0.0
2021-06-19 14:15:00,0.0
2021-06-19 14:30:00,0.0
2021-06-19 14:45:00,0.0
2021-06-19 15:00:00,0.0
2021-06-19 15:15:00,0.0
2021-06-19 15:30:00,0.0
2021-06-19 15:45:00,0.0
2021-06-19 16:00:00,0.0
2021-06-19 16:15:00,0.0
2021-06-19 16:30:00,0.0
2021-06-19 16:45:00,0.0
2021-06-19 17:00:00,0.0
2021-06-19 17:15:00,0.0
2021-06-19 17:30:00,0.0
2021-06-19 17:45:00,0.0
2021-06-19 18:00:00,0.0
2021-06-19 18:15:00,0.0
2021-06-19 18:30:00,0.0
2021-06-19 18:45:00,0.0
2021-06-19 19:00:00,0.0
2021-06-19 19:15:00,0.0
2021-06-19 19:30:00,0.0
2021-06-19 19:45:00,0.0
2021-06-19 20:00:00,0.0
2021-06-19 20:15:00,0.0
2021-06-19 20:30:00,0.0
2021-06-19 20:45:00,0.0
2021-06-19 21:00:00,0.0
2021-06-19 21:15:00,0.0
2021-06-19 21:30:00,0.0
2021-06-19 21:45:00,0.0
2021-06-19 22:00:00,0.0
2021-06-19 22:15:00,0.0
2021-06-19 22:30:00,0.0
2021-06-19 22:45:00,0.0
2021-06-19 23:00:00,0.0
2021-06-19 23:15:00,0.0
2021-06-19 23:30:00,0.0
2021-06-19 23:45:00,0.0
2021-06-20 00:00:00,0.0
2021-06-20 00:15:00,0.0
2021-06-20 00:30:00,0.0
2021-06-20 00:45:00,0.0
2021-06-20 01:00:00,0.0
2021-06-20 01:15:00,0.0
2021-06-20 01:30:00,0.0
2021-06-20 01:45:00,0.0
2021-06-20 02:00:00,0.0
2021-06-20 02:15:00,0.0
2021-06-20 02:30:00,0.0
2021-06-20 02:45:00,0.0
2021-06-20 03:00:00,0.0
2021-06-20 03:15:00,0.0
2021-06-20 03:30:00,0.0
2021-06-20 03:45:00,0.0
2021-06-20 04:00:00,0.0
2021-06-20 04:15:00,0.0
2021-06-20 04:30:00,0.0
2021-06-20 04:45:00,0.0
2021-06-20 05:00:00,0.0
2021-06-20 05:15:00,0.0
2021-06-20 05:30:00,0.0
2021-06-20 05:45:00,0.0
2021-06-20 06:00:00,0.0
2021-06-20 06:15:00,0.0
2021-06-20 06:30:00,0.0
2021-06-20 06:45:00,0.0
2021-06-20 07:00:00,0.0
2021-06-20 07:15:00,0.0
2021-06-20 07:30:00,0.0
2021-06-20 07:45:00,0.0
2021-06-20 08:00:00,0.0
2021-06-20 08:15:00,0.0
2021-06-20 08:30:00,0.0
2021-06-20 08:45:00,0.0
2021-06-20 09:00:00,0.0
2021-06-20 09:15:00,0.0
2021-06-20 09:30:00,0.0
2021-06-20 09:45:00,0.0
2021-06-20 10:00:00,0.0
2021-06-20 10:15:00,0.0
2021-06-20 10:30:00,0.0
2021-06-20 10:45:00,0.0
2021-06-20 11:00:00,0.0
2021-06-20 11:15:00,0.0
2021-06-20 11:30:00,0.0
2021-06-20 11:45:00,0.0
2021-06-20 12:00:00,0.0
2021-06-20 12:15:00,0.0
2021-06-20 12:30:00,0.0
2021-06-20 12:45:00,0.0
2021-06-20 13:00:00,0.0
2021-06-20 13:15:00,0.0
2021-06-20 13:30:00,0.0
2021-06-20 13:45:00,0.0
2021-06-20 14:00:00,0.0
2021-06-20 14:15:00,0.0
2021-06-20 14:30:00,0.0
2021-06-20 14:45:00,0.0
2021-06-20 15:00:00,0.0
2021-06-20 15:15:00,0.0
2021-06-20 15:30:00,0.0
2021-06-20 15:45:00,0.0
2021-06-20 16:00:00,0.0
2021-06-20 16:15:00,0.0
2021-06-20 16:30:00,0.0
2021-06-20 16:36:00,0.0
2021-06-20 16:37:00,0.02
2021-06-20 16:38:00,0.0
2021-06-20 16:39:00,0.01
2021-06-20 16:40:00,0.0
2021-06-20 16:41:00,0.01
2021-06-20 16:42:00,0.0
2021-06-20 16:43:00,0.03
2021-06-20 16:44:00,0.02
2021-06-20 16:45:00,0.02
2021-06-20 16:46:00,0.01
2021-06-20 17:00:00,0.0
2021-06-20 17:10:00,0.0
2021-06-20 17:11:00,0.01
2021-06-20 17:15:00,0.0
2021-06-20 17:30:00,0.0
2021-06-20 17:45:00,0.0
2021-06-20 18:00:00,0.0
2021-06-20 18:03:00,0.0
2021-06-20 18:04:00,0.01
2021-06-20 18:15:00,0.0
2021-06-20 18:30:00,0.0
2021-06-20 18:45:00,0.0
2021-06-20 19:00:00,0.0
2021-06-20 19:15:00,0.0
2021-06-20 19:30:00,0.0
2021-06-20 19:45:00,0.0
2021-06-20 20:00:00,0.0
2021-06-20 20:15:00,0.0
2021-06-20 20:30:00,0.0
2021-06-20 20:45:00,0.0
2021-06-20 21:00:00,0.0
2021-06-20 21:15:00,0.0
2021-06-20 21:30:00,0.0
2021-06-20 21:45:00,0.0
2021-06-20 22:00:00,0.0
2021-06-20 22:15:00,0.0
2021-06-20 22:30:00,0.0
2021-06-20 22:45:00,0.0
2021-06-20 23:00:00,0.0
2021-06-20 23:15:00,0.0
2021-06-20 23:30:00,0.0
2021-06-20 23:45:00,0.0
2021-06-21 00:00:00,0.0
2021-06-21 00:15:00,0.0
2021-06-21 00:30:00,0.0
2021-06-21 00:45:00,0.0
2021-06-21 01:00:00,0.0
2021-06-21 01:15:00,0.0
2021-06-21 01:30:00,0.0
2021-06-21 01:45:00,0.0
2021-06-21 02:00:00,0.0
2021-06-21 02:15:00,0.0
2021-06-21 02:30:00,0.0
2021-06-21 02:45:00,0.0
2021-06-21 03:00:00,0.0
2021-06-21 03:15:00,0.0
2021-06-21 03:30:00,0.0
2021-06-21 03:45:00,0.0
2021-06-21 04:00:00,0.0
2021-06-21 04:15:00,0.0
2021-06-21 04:30:00,0.0
2021-06-21 04:45:00,0.0
2021-06-21 05:00:00,0.0
2021-06-21 05:15:00,0.0
2021-06-21 05:30:00,0.0
2021-06-21 05:45:00,0.0
2021-06-21 06:00:00,0.0
2021-06-21 06:15:00,0.0
2021-06-21 06:30:00,0.0
2021-06-21 06:45:00,0.0
2021-06-21 07:00:00,0.0
2021-06-21 07:15:00,0.0
2021-06-21 07:30:00,0.0
2021-06-21 07:45:00,0.0
2021-06-21 08:00:00,0.0
2021-06-21 08:15:00,0.0
2021-06-21 08:30:00,0.0
2021-06-21 08:45:00,0.0
2021-06-21 09:00:00,0.0
2021-06-21 09:15:00,0.0
2021-06-21 09:30:00,0.0
2021-06-21 09:45:00,0.0
2021-06-21 10:00:00,0.0
2021-06-21 10:15:00,0.0
2021-06-21 10:30:00,0.0
2021-06-21 10:45:00,0.0
2021-06-21 11:00:00,0.0
2021-06-21 11:15:00,0.0
2021-06-21 11:30:00,0.0
2021-06-21 11:45:00,0.0
2021-06-21 12:00:00,0.0
2021-06-21 12:15:00,0.0
2021-06-21 12:30:00,0.0
2021-06-21 12:45:00,0.0
2021-06-21 13:00:00,0.0
2021-06-21 13:15:00,0.0
2021-06-21 13:30:00,0.0
2021-06-21 13:45:00,0.0
2021-06-21 14:00:00,0.0
2021-06-21 14:15:00,0.0
2021-06-21 14:30:00,0.0
2021-06-21 14:45:00,0.0
2021-06-21 15:00:00,0.0
2021-06-21 15:15:00,0.0
2021-06-21 15:30:00,0.0
2021-06-21 15:45:00,0.0
2021-06-21 16:00:00,0.0
2021-06-21 16:15:00,0.0
2021-06-21 16:30:00,0.0
2021-06-21 16:45:00,0.0
2021-06-21 17:00:00,0.0
2021-06-21 17:15:00,0.0
2021-06-21 17:30:00,0.0
2021-06-21 17:45:00,0.0
2021-06-21 18:00:00,0.0
2021-06-21 18:15:00,0.0
2021-06-21 18:30:00,0.0
2021-06-21 18:45:00,0.0
2021-06-21 19:00:00,0.0
2021-06-21 19:15:00,0.0
2021-06-21 19:30:00,0.0
2021-06-21 19:45:00,0.0
2021-06-21 20:00:00,0.0
2021-06-21 20:15:00,0.0
2021-06-21 20:30:00,0.0
2021-06-21 20:45:00,0.0
2021-06-21 21:00:00,0.0
2021-06-21 21:15:00,0.0
2021-06-21 21:30:00,0.0
2021-06-21 21:45:00,0.0
2021-06-21 22:00:00,0.0
2021-06-21 22:15:00,0.0
2021-06-21 22:30:00,0.0
2021-06-21 22:45:00,0.0
2021-06-21 23:00:00,0.0
2021-06-21 23:15:00,0.0
2021-06-21 23:30:00,0.0
2021-06-21 23:45:00,0.0
2021-06-22 00:00:00,0.0
2021-06-22 00:15:00,0.0
2021-06-22 00:30:00,0.0
2021-06-22 00:45:00,0.0
2021-06-22 01:00:00,0.0
2021-06-22 01:15:00,0.0
2021-06-22 01:30:00,0.0
2021-06-22 01:45:00,0.0
2021-06-22 02:00:00,0.0
2021-06-22 02:15:00,0.0
2021-06-22 02:30:00,0.0
2021-06-22 02:45:00,0.0
2021-06-22 03:00:00,0.0
2021-06-22 03:15:00,0.0
2021-06-22 03:30:00,0.0
2021-06-22 03:45:00,0.0
2021-06-22 04:00:00,0.0
2021-06-22 04:15:00,0.0
2021-06-22 04:30:00,0.0
2021-06-22 04:45:00,0.0
2021-06-22 05:00:00,0.0
2021-06-22 05:15:00,0.0
2021-06-22 05:30:00,0.0
2021-06-22 05:45:00,0.0
2021-06-22 06:00:00,0.0
2021-06-22 06:15:00,0.0
2021-06-22 06:30:00,0.0
2021-06-22 06:45:00,0.0
2021-06-22 07:00:00,0.0
2021-06-22 07:15:00,0.0
2021-06-22 07:30:00,0.0
2021-06-22 07:45:00,0.0
2021-06-22 08:00:00,0.0
2021-06-22 08:15:00,0.0
2021-06-22 08:30:00,0.0
2021-06-22 08:45:00,0.0
2021-06-22 09:00:00,0.0
2021-06-22 09:15:00,0.0
2021-06-22 09:30:00,0.0
2021-06-22 09:45:00,0.0
2021-06-22 10:00:00,0.0
2021-06-22 10:15:00,0.0
2021-06-22 10:30:00,0.0
2021-06-22 10:45:00,0.0
2021-06-22 11:00:00,0.0
2021-06-22 11:15:00,0.0
2021-06-22 11:30:00,0.0
2021-06-22 11:45:00,0.0
2021-06-22 12:00:00,0.0
2021-06-22 12:15:00,0.0
2021-06-22 12:30:00,0.0
2021-06-22 12:45:00,0.0
2021-06-22 13:00:00,0.0
2021-06-22 13:15:00,0.0
2021-06-22 13:30:00,0.0
2021-06-22 13:45:00,0.0
2021-06-22 14:00:00,0.0
2021-06-22 14:15:00,0.0
2021-06-22 14:30:00,0.0
2021-06-22 14:45:00,0.0
2021-06-22 15:00:00,0.0
2021-06-22 15:15:00,0.0
2021-06-22 15:30:00,0.0
2021-06-22 15:45:00,0.0
2021-06-22 16:00:00,0.0
2021-06-22 16:15:00,0.0
2021-06-22 16:30:00,0.0
2021-06-22 16:45:00,0.0
2021-06-22 17:00:00,0.0
2021-06-22 17:15:00,0.0
2021-06-22 17:30:00,0.0
2021-06-22 17:45:00,0.0
2021-06-22 18:00:00,0.0
2021-06-22 18:15:00,0.0
2021-06-22 18:30:00,0.0
2021-06-22 18:45:00,0.0
2021-06-22 19:00:00,0.0
2021-06-22 19:15:00,0.0
2021-06-22 19:30:00,0.0
2021-06-22 19:45:00,0.0
2021-06-22 20:00:00,0.0
2021-06-22 20:15:00,0.0
2021-06-22 20:30:00,0.0
2021-06-22 20:45:00,0.0
2021-06-22 21:00:00,0.0
2021-06-22 21:15:00,0.0
2021-06-22 21:30:00,0.0
2021-06-22 21:45:00,0.0
2021-06-22 22:00:00,0.0
2021-06-22 22:15:00,0.0
2021-06-22 22:30:00,0.0
2021-06-22 22:45:00,0.0
2021-06-22 23:00:00,0.0
2021-06-22 23:15:00,0.0
2021-06-22 23:30:00,0.0
2021-06-22 23:45:00,0.0
2021-06-23 00:00:00,0.0
2021-06-23 00:15:00,0.0
2021-06-23 00:30:00,0.0
2021-06-23 00:45:00,0.0
2021-06-23 01:00:00,0.0
2021-06-23 01:15:00,0.0
2021-06-23 01:30:00,0.0
2021-06-23 01:45:00,0.0
2021-06-23 02:00:00,0.0
2021-06-23 02:15:00,0.0
2021-06-23 02:30:00,0.0
2021-06-23 02:45:00,0.0
2021-06-23 03:00:00,0.0
2021-06-23 03:15:00,0.0
2021-06-23 03:30:00,0.0
2021-06-23 03:45:00,0.0
2021-06-23 04:00:00,0.0
2021-06-23 04:15:00,0.0
2021-06-23 04:30:00,0.0
2021-06-23 04:45:00,0.0
2021-06-23 05:00:00,0.0
2021-06-23 05:15:00,0.0
2021-06-23 05:30:00,0.0
2021-06-23 05:45:00,0.0
2021-06-23 06:00:00,0.0
2021-06-23 06:15:00,0.0
2021-06-23 06:30:00,0.0
2021-06-23 06:45:00,0.0
2021-06-23 07:00:00,0.0
2021-06-23 07:15:00,0.0
2021-06-23 07:30:00,0.0
2021-06-23 07:45:00,0.0
2021-06-23 08:00:00,0.0
2021-06-23 08:15:00,0.0
2021-06-23 08:30:00,0.0
2021-06-23 08:45:00,0.0
2021-06-23 09:00:00,0.0
2021-06-23 09:15:00,0.0
2021-06-23 09:30:00,0.0
2021-06-23 09:45:00,0.0
2021-06-23 10:00:00,0.0
2021-06-23 10:15:00,0.0
2021-06-23 10:30:00,0.0
2021-06-23 10:45:00,0.0
2021-06-23 11:00:00,0.0
2021-06-23 11:15:00,0.0
2021-06-23 11:30:00,0.0
2021-06-23 11:45:00,0.0
2021-06-23 12:00:00,0.0
2021-06-23 12:15:00,0.0
2021-06-23 12:30:00,0.0
2021-06-23 12:45:00,0.0
2021-06-23 13:00:00,0.0
2021-06-23 13:15:00,0.0
2021-06-23 13:30:00,0.0
2021-06-23 13:45:00,0.0
2021-06-23 14:00:00,0.0
2021-06-23 14:02:00,0.0
2021-06-23 14:03:00,0.01
2021-06-23 14:04:00,0.0
2021-06-23 14:05:00,0.01
2021-06-23 14:06:00,0.01
2021-06-23 14:10:00,0.0
2021-06-23 14:11:00,0.01
2021-06-23 14:15:00,0.0
2021-06-23 14:18:00,0.0
2021-06-23 14:19:00,0.01
2021-06-23 14:20:00,0.01
2021-06-23 14:30:00,0.0
2021-06-23 14:45:00,0.0
2021-06-23 15:00:00,0.0
2021-06-23 15:14:00,0.0
2021-06-23 15:15:00,0.01
2021-06-23 15:29:00,0.0
2021-06-23 15:30:00,0.01
2021-06-23 15:37:00,0.0
2021-06-23 15:38:00,0.01
2021-06-23 15:45:00,0.0
2021-06-23 15:46:00,0.0
2021-06-23 15:47:00,0.01
2021-06-23 15:54:00,0.0
2021-06-23 15:55:00,0.01
2021-06-23 15:58:00,0.0
2021-06-23 15:59:00,0.01
2021-06-23 16:00:00,0.0
2021-06-23 16:02:00,0.0
2021-06-23 16:03:00,0.02
2021-06-23 16:06:00,0.0
2021-06-23 16:07:00,0.01
2021-06-23 16:11:00,0.0
2021-06-23 16:12:00,0.01
2021-06-23 16:15:00,0.0
2021-06-23 16:18:00,0.0
2021-06-23 16:19:00,0.01
2021-06-23 16:24:00,0.0
2021-06-23 16:25:00,0.01
2021-06-23 16:30:00,0.0
2021-06-23 16:34:00,0.0
2021-06-23 16:35:00,0.01
2021-06-23 16:45:00,0.0
2021-06-23 17:00:00,0.0
2021-06-23 17:15:00,0.0
2021-06-23 17:30:00,0.0
2021-06-23 17:45:00,0.0
2021-06-23 18:00:00,0.0
2021-06-23 18:15:00,0.0
2021-06-23 18:30:00,0.0
2021-06-23 18:45:00,0.0
2021-06-23 19:00:00,0.0
2021-06-23 19:15:00,0.0
2021-06-23 19:30:00,0.0
2021-06-23 19:45:00,0.0
2021-06-23 20:00:00,0.0
2021-06-23 20:15:00,0.0
2021-06-23 20:30:00,0.0
2021-06-23 20:45:00,0.0
2021-06-23 21:00:00,0.0
2021-06-23 21:15:00,0.0
2021-06-23 21:30:00,0.0
2021-06-23 21:45:00,0.0
2021-06-23 22:00:00,0.0
2021-06-23 22:15:00,0.0
2021-06-23 22:30:00,0.0
2021-06-23 22:45:00,0.0
2021-06-23 23:00:00,0.0
2021-06-23 23:15:00,0.0
2021-06-23 23:30:00,0.0
2021-06-23 23:45:00,0.0
2021-06-24 00:00:00,0.0
2021-06-24 00:15:00,0.0
2021-06-24 00:30:00,0.0
2021-06-24 00:45:00,0.0
2021-06-24 01:00:00,0.0
2021-06-24 01:15:00,0.0
2021-06-24 01:30:00,0.0
2021-06-24 01:45:00,0.0
2021-06-24 02:00:00,0.0
2021-06-24 02:15:00,0.0
2021-06-24 02:30:00,0.0
2021-06-24 02:45:00,0.0
2021-06-24 03:00:00,0.0
2021-06-24 03:15:00,0.0
2021-06-24 03:30:00,0.0
2021-06-24 03:45:00,0.0
2021-06-24 04:00:00,0.0
2021-06-24 04:15:00,0.0
2021-06-24 04:30:00,0.0
2021-06-24 04:45:00,0.0
2021-06-24 05:00:00,0.0
2021-06-24 05:15:00,0.0
2021-06-24 05:30:00,0.0
2021-06-24 05:45:00,0.0
2021-06-24 06:00:00,0.0
2021-06-24 06:15:00,0.0
2021-06-24 06:30:00,0.0
2021-06-24 06:45:00,0.0
2021-06-24 07:00:00,0.0
2021-06-24 07:15:00,0.0
2021-06-24 07:30:00,0.0
2021-06-24 07:45:00,0.0
2021-06-24 08:00:00,0.0
2021-06-24 08:15:00,0.0
2021-06-24 08:30:00,0.0
2021-06-24 08:45:00,0.0
2021-06-24 09:00:00,0.0
2021-06-24 09:15:00,0.0
2021-06-24 09:30:00,0.0
2021-06-24 09:45:00,0.0
2021-06-24 10:00:00,0.0
2021-06-24 10:15:00,0.0
2021-06-24 10:30:00,0.0
2021-06-24 10:45:00,0.0
2021-06-24 11:00:00,0.0
2021-06-24 11:15:00,0.0
2021-06-24 11:30:00,0.0
2021-06-24 11:45:00,0.0
2021-06-24 12:00:00,0.0
2021-06-24 12:15:00,0.0
2021-06-24 12:30:00,0.0
2021-06-24 12:45:00,0.0
2021-06-24 13:00:00,0.0
2021-06-24 13:15:00,0.0
2021-06-24 13:24:00,0.0
2021-06-24 13:25:00,0.02
2021-06-24 13:27:00,0.0
2021-06-24 13:28:00,0.03
2021-06-24 13:29:00,0.0
2021-06-24 13:30:00,0.02
2021-06-24 13:31:00,0.03
2021-06-24 13:32:00,0.02
2021-06-24 13:33:00,0.03
2021-06-24 13:34:00,0.02
2021-06-24 13:35:00,0.02
2021-06-24 13:36:00,0.01
2021-06-24 13:37:00,0.01
2021-06-24 13:39:00,0.0
2021-06-24 13:40:00,0.01
2021-06-24 13:45:00,0.0
2021-06-24 13:59:00,0.0
2021-06-24 14:00:00,0.01
2021-06-24 14:15:00,0.0
2021-06-24 14:30:00,0.0
2021-06-24 14:45:00,0.0
2021-06-24 15:00:00,0.0
2021-06-24 15:15:00,0.0
2021-06-24 15:30:00,0.0
2021-06-24 15:45:00,0.0
2021-06-24 16:00:00,0.0
2021-06-24 16:15:00,0.0
2021-06-24 16:30:00,0.0
2021-06-24 16:45:00,0.0
2021-06-24 17:00:00,0.0
2021-06-24 17:15:00,0.0
2021-06-24 17:30:00,0.0
2021-06-24 17:45:00,0.0
2021-06-24 18:00:00,0.0
2021-06-24 18:15:00,0.0
2021-06-24 18:30:00,0.0
2021-06-24 18:45:00,0.0
2021-06-24 19:00:00,0.0
2021-06-24 19:15:00,0.0
2021-06-24 19:30:00,0.0
2021-06-24 19:45:00,0.0
2021-06-24 20:00:00,0.0
2021-06-24 20:15:00,0.0
2021-06-24 20:30:00,0.0
2021-06-24 20:45:00,0.0
2021-06-24 21:00:00,0.0
2021-06-24 21:15:00,0.0
2021-06-24 21:30:00,0.0
2021-06-24 21:45:00,0.0
2021-06-24 22:00:00,0.0
2021-06-24 22:15:00,0.0
2021-06-24 22:30:00,0.0
2021-06-24 22:45:00,0.0
2021-06-24 23:00:00,0.0
2021-06-24 23:15:00,0.0
2021-06-24 23:30:00,0.0
2021-06-24 23:45:00,0.0
2021-06-25 00:00:00,0.0
2021-06-25 00:15:00,0.0
2021-06-25 00:30:00,0.0
2021-06-25 00:45:00,0.0
2021-06-25 01:00:00,0.0
2021-06-25 01:15:00,0.0
2021-06-25 01:30:00,0.0
2021-06-25 01:45:00,0.0
2021-06-25 02:00:00,0.0
2021-06-25 02:15:00,0.0
2021-06-25 02:24:00,0.0
2021-06-25 02:25:00,0.01
2021-06-25 02:30:00,0.0
2021-06-25 02:45:00,0.0
2021-06-25 03:00:00,0.0
2021-06-25 03:15:00,0.0
2021-06-25 03:30:00,0.0
2021-06-25 03:45:00,0.0
2021-06-25 04:00:00,0.0
2021-06-25 04:15:00,0.0
2021-06-25 04:30:00,0.0
2021-06-25 04:45:00,0.0
2021-06-25 05:00:00,0.0
2021-06-25 05:15:00,0.0
2021-06-25 05:30:00,0.0
2021-06-25 05:45:00,0.0
2021-06-25 06:00:00,0.0
2021-06-25 06:15:00,0.0
2021-06-25 06:30:00,0.0
2021-06-25 06:45:00,0.0
2021-06-25 07:15:00,0.0
2021-06-25 07:30:00,0.0
2021-06-25 07:45:00,0.0
2021-06-25 08:00:00,0.0
2021-06-25 08:15:00,0.0
2021-06-25 08:30:00,0.0
2021-06-25 08:45:00,0.0
2021-06-25 09:00:00,0.0
2021-06-25 09:15:00,0.0
2021-06-25 09:30:00,0.0
2021-06-25 09:45:00,0.0
2021-06-25 10:00:00,0.0
2021-06-25 10:15:00,0.0
2021-06-25 10:30:00,0.0
2021-06-25 10:45:00,0.0
2021-06-25 11:00:00,0.0
2021-06-25 11:15:00,0.0
2021-06-25 11:30:00,0.0
2021-06-25 11:45:00,0.0
2021-06-25 12:00:00,0.0
2021-06-25 12:13:00,0.0
2021-06-25 12:14:00,0.01
2021-06-25 12:15:00,0.01
2021-06-25 12:16:00,0.02
2021-06-25 12:30:00,0.0
2021-06-25 12:45:00,0.0
2021-06-25 13:00:00,0.0
2021-06-25 13:15:00,0.0
2021-06-25 13:30:00,0.0
2021-06-25 13:45:00,0.0
2021-06-25 14:00:00,0.0
2021-06-25 14:15:00,0.0
2021-06-25 14:30:00,0.0
2021-06-25 14:45:00,0.0
2021-06-25 15:00:00,0.0
2021-06-25 15:15:00,0.0
2021-06-25 15:30:00,0.0
2021-06-25 15:45:00,0.0
2021-06-25 16:00:00,0.0
2021-06-25 16:15:00,0.0
2021-06-25 16:30:00,0.0
2021-06-25 16:45:00,0.0
2021-06-25 17:00:00,0.0
2021-06-25 17:15:00,0.0
2021-06-25 17:30:00,0.0
2021-06-25 17:45:00,0.0
2021-06-25 18:00:00,0.0
2021-06-25 18:15:00,0.0
2021-06-25 18:30:00,0.0
2021-06-25 18:45:00,0.0
2021-06-25 19:00:00,0.0
2021-06-25 19:15:00,0.0
2021-06-25 19:30:00,0.0
2021-06-25 19:45:00,0.0
2021-06-25 20:00:00,0.0
2021-06-25 20:15:00,0.0
2021-06-25 20:30:00,0.0
2021-06-25 20:45:00,0.0
2021-06-25 21:00:00,0.0
2021-06-25 21:15:00,0.0
2021-06-25 21:30:00,0.0
2021-06-25 21:45:00,0.0
2021-06-25 22:00:00,0.0
2021-06-25 22:15:00,0.0
2021-06-25 22:30:00,0.0
2021-06-25 22:45:00,0.0
2021-06-25 23:00:00,0.0
2021-06-25 23:15:00,0.0
2021-06-25 23:30:00,0.0
2021-06-25 23:45:00,0.0
2021-06-26 00:00:00,0.0
2021-06-26 00:15:00,0.0
2021-06-26 00:30:00,0.0
2021-06-26 00:45:00,0.0
2021-06-26 01:00:00,0.0
2021-06-26 01:15:00,0.0
2021-06-26 01:30:00,0.0
2021-06-26 01:45:00,0.0
2021-06-26 02:00:00,0.0
2021-06-26 02:15:00,0.0
2021-06-26 02:30:00,0.0
2021-06-26 02:45:00,0.0
2021-06-26 03:00:00,0.0
2021-06-26 03:15:00,0.0
2021-06-26 03:30:00,0.0
2021-06-26 03:45:00,0.0
2021-06-26 04:00:00,0.0
2021-06-26 04:15:00,0.0
2021-06-26 04:30:00,0.0
2021-06-26 04:45:00,0.0
2021-06-26 05:00:00,0.0
2021-06-26 05:15:00,0.0
2021-06-26 05:30:00,0.0
2021-06-26 05:45:00,0.0
2021-06-26 06:00:00,0.0
2021-06-26 06:15:00,0.0
2021-06-26 06:30:00,0.0
2021-06-26 06:45:00,0.0
2021-06-26 07:00:00,0.0
2021-06-26 07:15:00,0.0
2021-06-26 07:30:00,0.0
2021-06-26 07:45:00,0.0
2021-06-26 08:00:00,0.0
2021-06-26 08:15:00,0.0
2021-06-26 08:30:00,0.0
2021-06-26 08:45:00,0.0
2021-06-26 09:00:00,0.0
2021-06-26 09:15:00,0.0
2021-06-26 09:30:00,0.0
2021-06-26 09:45:00,0.0
2021-06-26 10:00:00,0.0
2021-06-26 10:15:00,0.0
2021-06-26 10:30:00,0.0
2021-06-26 10:45:00,0.0
2021-06-26 11:00:00,0.0
2021-06-26 11:15:00,0.0
2021-06-26 11:30:00,0.0
2021-06-26 11:45:00,0.0
2021-06-26 12:00:00,0.0
2021-06-26 12:15:00,0.0
2021-06-26 12:30:00,0.0
2021-06-26 12:45:00,0.0
2021-06-26 13:00:00,0.0
2021-06-26 13:15:00,0.0
2021-06-26 13:23:00,0.0
2021-06-26 13:24:00,0.02
2021-06-26 13:25:00,0.0
2021-06-26 13:26:00,0.01
2021-06-26 13:30:00,0.0
2021-06-26 13:31:00,0.01
2021-06-26 13:45:00,0.0
2021-06-26 14:00:00,0.0
2021-06-26 14:15:00,0.0
2021-06-26 14:30:00,0.0
2021-06-26 14:45:00,0.0
2021-06-26 15:00:00,0.0
2021-06-26 15:15:00,0.0
2021-06-26 15:30:00,0.0
2021-06-26 15:45:00,0.0
2021-06-26 16:00:00,0.0
2021-06-26 16:15:00,0.0
2021-06-26 16:30:00,0.0
2021-06-26 16:45:00,0.0
2021-06-26 17:00:00,0.0
2021-06-26 17:15:00,0.0
2021-06-26 17:30:00,0.0
2021-06-26 17:45:00,0.0
2021-06-26 18:00:00,0.0
2021-06-26 18:15:00,0.0
2021-06-26 18:30:00,0.0
2021-06-26 18:45:00,0.0
2021-06-26 19:00:00,0.0
2021-06-26 19:15:00,0.0
2021-06-26 19:30:00,0.0
2021-06-26 19:45:00,0.0
2021-06-26 20:00:00,0.0
2021-06-26 20:15:00,0.0
2021-06-26 20:30:00,0.0
2021-06-26 20:45:00,0.0
2021-06-26 21:00:00,0.0
2021-06-26 21:15:00,0.0
2021-06-26 21:30:00,0.0
2021-06-26 21:45:00,0.0
2021-06-26 22:00:00,0.0
2021-06-26 22:15:00,0.0
2021-06-26 22:30:00,0.0
2021-06-26 22:45:00,0.0
2021-06-26 23:00:00,0.0
2021-06-26 23:15:00,0.0
2021-06-26 23:30:00,0.0
2021-06-26 23:45:00,0.0
2021-06-27 00:00:00,0.0
2021-06-27 00:15:00,0.0
2021-06-27 00:30:00,0.0
2021-06-27 00:45:00,0.0
2021-06-27 01:00:00,0.0
2021-06-27 01:15:00,0.0
2021-06-27 01:30:00,0.0
2021-06-27 01:45:00,0.0
2021-06-27 02:00:00,0.0
2021-06-27 02:15:00,0.0
2021-06-27 02:30:00,0.0
2021-06-27 02:45:00,0.0
2021-06-27 03:00:00,0.0
2021-06-27 03:15:00,0.0
2021-06-27 03:30:00,0.0
2021-06-27 03:45:00,0.0
2021-06-27 04:00:00,0.0
2021-06-27 04:15:00,0.0
2021-06-27 04:30:00,0.0
2021-06-27 04:45:00,0.0
2021-06-27 05:00:00,0.0
2021-06-27 05:15:00,0.0
2021-06-27 05:30:00,0.0
2021-06-27 05:45:00,0.0
2021-06-27 06:00:00,0.0
2021-06-27 06:15:00,0.0
2021-06-27 06:30:00,0.0
2021-06-27 06:45:00,0.0
2021-06-27 07:00:00,0.0
2021-06-27 07:15:00,0.0
2021-06-27 07:30:00,0.0
2021-06-27 07:45:00,0.0
2021-06-27 08:00:00,0.0
2021-06-27 08:15:00,0.0
2021-06-27 08:30:00,0.0
2021-06-27 08:45:00,0.0
2021-06-27 09:00:00,0.0
2021-06-27 09:15:00,0.0
2021-06-27 09:30:00,0.0
2021-06-27 09:45:00,0.0
2021-06-27 10:00:00,0.0
2021-06-27 10:15:00,0.0
2021-06-27 10:30:00,0.0
2021-06-27 10:45:00,0.0
2021-06-27 11:00:00,0.0
2021-06-27 11:15:00,0.0
2021-06-27 11:30:00,0.0
2021-06-27 11:45:00,0.0
2021-06-27 12:00:00,0.0
2021-06-27 12:15:00,0.0
2021-06-27 12:30:00,0.0
2021-06-27 12:45:00,0.0
2021-06-27 13:00:00,0.0
2021-06-27 13:15:00,0.0
2021-06-27 13:30:00,0.0
2021-06-27 13:45:00,0.0
2021-06-27 14:00:00,0.0
2021-06-27 14:15:00,0.0
2021-06-27 14:30:00,0.0
2021-06-27 14:39:00,0.0
2021-06-27 14:40:00,0.01
2021-06-27 14:41:00,0.01
2021-06-27 14:45:00,0.0
2021-06-27 15:00:00,0.0
2021-06-27 15:15:00,0.0
2021-06-27 15:30:00,0.0
2021-06-27 15:45:00,0.0
2021-06-27 16:00:00,0.0
2021-06-27 16:15:00,0.0
2021-06-27 16:30:00,0.0
2021-06-27 16:45:00,0.0
2021-06-27 17:00:00,0.0
2021-06-27 17:15:00,0.0
2021-06-27 17:30:00,0.0
2021-06-27 17:45:00,0.0
2021-06-27 18:00:00,0.0
2021-06-27 18:15:00,0.0
2021-06-27 18:30:00,0.0
2021-06-27 18:45:00,0.0
2021-06-27 19:00:00,0.0
2021-06-27 19:15:00,0.0
2021-06-27 19:30:00,0.0
2021-06-27 19:45:00,0.0
2021-06-27 20:00:00,0.0
2021-06-27 20:15:00,0.0
2021-06-27 20:30:00,0.0
2021-06-27 20:45:00,0.0
2021-06-27 21:00:00,0.0
2021-06-27 21:15:00,0.0
2021-06-27 21:30:00,0.0
2021-06-27 21:45:00,0.0
2021-06-27 22:00:00,0.0
2021-06-27 22:15:00,0.0
2021-06-27 22:30:00,0.0
2021-06-27 22:45:00,0.0
2021-06-27 23:00:00,0.0
2021-06-27 23:15:00,0.0
2021-06-27 23:30:00,0.0
2021-06-27 23:45:00,0.0
2021-06-28 00:00:00,0.0
2021-06-28 00:15:00,0.0
2021-06-28 00:30:00,0.0
2021-06-28 00:45:00,0.0
2021-06-28 01:00:00,0.0
2021-06-28 01:15:00,0.0
2021-06-28 01:30:00,0.0
2021-06-28 01:45:00,0.0
2021-06-28 02:00:00,0.0
2021-06-28 02:15:00,0.0
2021-06-28 02:30:00,0.0
2021-06-28 02:45:00,0.0
2021-06-28 03:00:00,0.0
2021-06-28 03:15:00,0.0
2021-06-28 03:30:00,0.0
2021-06-28 03:45:00,0.0
2021-06-28 04:00:00,0.0
2021-06-28 04:15:00,0.0
2021-06-28 04:30:00,0.0
2021-06-28 04:45:00,0.0
2021-06-28 05:00:00,0.0
2021-06-28 05:15:00,0.0
2021-06-28 05:30:00,0.0
2021-06-28 05:45:00,0.0
2021-06-28 06:00:00,0.0
2021-06-28 06:15:00,0.0
2021-06-28 06:30:00,0.0
2021-06-28 06:45:00,0.0
2021-06-28 07:00:00,0.0
2021-06-28 07:15:00,0.0
2021-06-28 07:30:00,0.0
2021-06-28 07:45:00,0.0
2021-06-28 08:00:00,0.0
2021-06-28 08:15:00,0.0
2021-06-28 08:30:00,0.0
2021-06-28 08:45:00,0.0
2021-06-28 09:00:00,0.0
2021-06-28 09:10:00,0.0
2021-06-28 09:11:00,0.01
2021-06-28 09:15:00,0.0
2021-06-28 09:30:00,0.0
2021-06-28 09:45:00,0.0
2021-06-28 10:00:00,0.0
2021-06-28 10:15:00,0.0
2021-06-28 10:30:00,0.0
2021-06-28 10:45:00,0.0
2021-06-28 11:00:00,0.0
2021-06-28 11:15:00,0.0
2021-06-28 11:30:00,0.0
2021-06-28 11:45:00,0.0
2021-06-28 12:00:00,0.0
2021-06-28 12:12:00,0.0
2021-06-28 12:13:00,0.02
2021-06-28 12:14:00,0.04
2021-06-28 12:15:00,0.03
2021-06-28 12:16:00,0.02
2021-06-28 12:17:00,0.02
2021-06-28 12:18:00,0.01
2021-06-28 12:19:00,0.02
2021-06-28 12:20:00,0.0
2021-06-28 12:21:00,0.01
2021-06-28 12:23:00,0.0
2021-06-28 12:24:00,0.01
2021-06-28 12:30:00,0.0
2021-06-28 12:45:00,0.0
2021-06-28 13:00:00,0.0
2021-06-28 13:15:00,0.0
2021-06-28 13:30:00,0.0
2021-06-28 13:45:00,0.0
2021-06-28 14:00:00,0.0
2021-06-28 14:15:00,0.0
2021-06-28 14:30:00,0.0
2021-06-28 14:45:00,0.0
2021-06-28 15:00:00,0.0
2021-06-28 15:15:00,0.0
2021-06-28 15:30:00,0.0
2021-06-28 15:45:00,0.0
2021-06-28 16:00:00,0.0
2021-06-28 16:15:00,0.0
2021-06-28 16:30:00,0.0
2021-06-28 16:45:00,0.0
2021-06-28 17:00:00,0.0
2021-06-28 17:15:00,0.0
2021-06-28 17:30:00,0.0
2021-06-28 17:45:00,0.0
2021-06-28 18:00:00,0.0
2021-06-28 18:15:00,0.0
2021-06-28 18:30:00,0.0
2021-06-28 18:45:00,0.0
2021-06-28 19:00:00,0.0
2021-06-28 19:15:00,0.0
2021-06-28 19:30:00,0.0
2021-06-28 19:45:00,0.0
2021-06-28 20:00:00,0.0
2021-06-28 20:15:00,0.0
2021-06-28 20:30:00,0.0
2021-06-28 20:45:00,0.0
2021-06-28 21:00:00,0.0
2021-06-28 21:15:00,0.0
2021-06-28 21:30:00,0.0
2021-06-28 21:45:00,0.0
2021-06-28 22:00:00,0.0
2021-06-28 22:15:00,0.0
2021-06-28 22:30:00,0.0
2021-06-28 22:45:00,0.0
2021-06-28 23:00:00,0.0
2021-06-28 23:15:00,0.0
2021-06-28 23:30:00,0.0
2021-06-28 23:45:00,0.0
2021-06-29 00:00:00,0.0
2021-06-29 00:15:00,0.0
2021-06-29 00:30:00,0.0
2021-06-29 00:45:00,0.0
2021-06-29 01:00:00,0.0
2021-06-29 01:15:00,0.0
2021-06-29 01:30:00,0.0
2021-06-29 01:45:00,0.0
2021-06-29 02:00:00,0.0
2021-06-29 02:15:00,0.0
2021-06-29 02:30:00,0.0
2021-06-29 02:45:00,0.0
2021-06-29 03:00:00,0.0
2021-06-29 03:15:00,0.0
2021-06-29 03:30:00,0.0
2021-06-29 03:45:00,0.0
2021-06-29 04:00:00,0.0
2021-06-29 04:15:00,0.0
2021-06-29 04:30:00,0.0
2021-06-29 04:45:00,0.0
2021-06-29 05:00:00,0.0
2021-06-29 05:15:00,0.0
2021-06-29 05:30:00,0.0
2021-06-29 05:45:00,0.0
2021-06-29 06:00:00,0.0
2021-06-29 06:15:00,0.0
2021-06-29 06:30:00,0.0
2021-06-29 06:45:00,0.0
2021-06-29 07:00:00,0.0
2021-06-29 07:15:00,0.0
2021-06-29 07:30:00,0.0
2021-06-29 07:45:00,0.0
2021-06-29 08:00:00,0.0
2021-06-29 08:15:00,0.0
2021-06-29 08:30:00,0.0
2021-06-29 08:45:00,0.0
2021-06-29 09:00:00,0.0
2021-06-29 09:15:00,0.0
2021-06-29 09:30:00,0.0
2021-06-29 09:45:00,0.0
2021-06-29 09:46:00,0.01
2021-06-29 10:00:00,0.0
2021-06-29 10:15:00,0.0
2021-06-29 10:30:00,0.0
2021-06-29 10:45:00,0.0
2021-06-29 11:00:00,0.0
2021-06-29 11:15:00,0.0
2021-06-29 11:30:00,0.0
2021-06-29 11:45:00,0.0
2021-06-29 12:00:00,0.0
2021-06-29 12:15:00,0.0
2021-06-29 12:30:00,0.0
2021-06-29 12:45:00,0.0
2021-06-29 13:00:00,0.0
2021-06-29 13:15:00,0.0
2021-06-29 13:30:00,0.0
2021-06-29 13:45:00,0.0
2021-06-29 14:00:00,0.0
2021-06-29 14:06:00,0.0
2021-06-29 14:07:00,0.02
2021-06-29 14:08:00,0.01
2021-06-29 14:09:00,0.01
2021-06-29 14:10:00,0.01
2021-06-29 14:11:00,0.02
2021-06-29 14:12:00,0.03
2021-06-29 14:13:00,0.02
2021-06-29 14:14:00,0.04
2021-06-29 14:15:00,0.07
2021-06-29 14:16:00,0.1
2021-06-29 14:17:00,0.11
2021-06-29 14:18:00,0.11
2021-06-29 14:19:00,0.1
2021-06-29 14:20:00,0.07
2021-06-29 14:21:00,0.05
2021-06-29 14:22:00,0.05
2021-06-29 14:23:00,0.06
2021-06-29 14:24:00,0.05
2021-06-29 14:25:00,0.03
2021-06-29 14:26:00,0.04
2021-06-29 14:27:00,0.02
2021-06-29 14:28:00,0.01
2021-06-29 14:29:00,0.01
2021-06-29 14:30:00,0.0
2021-06-29 14:31:00,0.01
2021-06-29 14:33:00,0.0
2021-06-29 14:34:00,0.01
2021-06-29 14:37:00,0.0
2021-06-29 14:38:00,0.01
2021-06-29 14:39:00,0.01
2021-06-29 14:40:00,0.01
2021-06-29 14:41:00,0.01
2021-06-29 14:42:00,0.02
2021-06-29 14:43:00,0.0
2021-06-29 14:44:00,0.01
2021-06-29 14:45:00,0.01
2021-06-29 14:46:00,0.01
2021-06-29 14:48:00,0.0
2021-06-29 14:49:00,0.01
2021-06-29 14:50:00,0.0
2021-06-29 14:51:00,0.02
2021-06-29 14:52:00,0.0
2021-06-29 14:53:00,0.01
2021-06-29 14:56:00,0.0
2021-06-29 14:57:00,0.01
2021-06-29 14:59:00,0.0
2021-06-29 15:00:00,0.01
2021-06-29 15:02:00,0.0
2021-06-29 15:03:00,0.01
2021-06-29 15:09:00,0.0
2021-06-29 15:10:00,0.01
2021-06-29 15:15:00,0.0
2021-06-29 15:30:00,0.0
2021-06-29 15:31:00,0.01
2021-06-29 15:45:00,0.0
2021-06-29 15:51:00,0.0
2021-06-29 15:52:00,0.01
2021-06-29 16:00:00,0.0
2021-06-29 16:07:00,0.0
2021-06-29 16:08:00,0.01
2021-06-29 16:15:00,0.0
2021-06-29 16:21:00,0.0
2021-06-29 16:22:00,0.01
2021-06-29 16:30:00,0.0
2021-06-29 16:42:00,0.0
2021-06-29 16:43:00,0.01
2021-06-29 16:45:00,0.0
2021-06-29 16:57:00,0.0
2021-06-29 16:58:00,0.01
2021-06-29 17:00:00,0.0
2021-06-29 17:15:00,0.0
2021-06-29 17:30:00,0.0
2021-06-29 17:45:00,0.0
2021-06-29 18:00:00,0.0
2021-06-29 18:15:00,0.0
2021-06-29 18:30:00,0.0
2021-06-29 18:45:00,0.0
2021-06-29 19:00:00,0.0
2021-06-29 19:13:00,0.0
2021-06-29 19:14:00,0.01
2021-06-29 19:15:00,0.06
2021-06-29 19:16:00,0.02
2021-06-29 19:18:00,0.0
2021-06-29 19:19:00,0.01
2021-06-29 19:25:00,0.0
2021-06-29 19:26:00,0.01
2021-06-29 19:30:00,0.0
2021-06-29 19:45:00,0.0
2021-06-29 19:49:00,0.0
2021-06-29 19:50:00,0.01
2021-06-29 20:00:00,0.0
2021-06-29 20:15:00,0.0
2021-06-29 20:30:00,0.0
2021-06-29 20:45:00,0.0
2021-06-29 21:00:00,0.0
2021-06-29 21:15:00,0.0
2021-06-29 21:30:00,0.0
2021-06-29 21:45:00,0.0
2021-06-29 22:00:00,0.0
2021-06-29 22:15:00,0.0
2021-06-29 22:30:00,0.0
2021-06-29 22:45:00,0.0
2021-06-29 23:00:00,0.0
2021-06-29 23:15:00,0.0
2021-06-29 23:23:00,0.0
2021-06-29 23:24:00,0.01
2021-06-29 23:30:00,0.0
2021-06-29 23:45:00,0.0
2021-06-30 00:00:00,0.0
2021-06-30 00:15:00,0.0
2021-06-30 00:30:00,0.0
2021-06-30 00:45:00,0.0
2021-06-30 01:00:00,0.0
2021-06-30 01:15:00,0.0
2021-06-30 01:30:00,0.0
2021-06-30 01:45:00,0.0
2021-06-30 02:00:00,0.0
2021-06-30 02:15:00,0.0
2021-06-30 02:30:00,0.0
2021-06-30 02:45:00,0.0
2021-06-30 03:00:00,0.0
2021-06-30 03:15:00,0.0
2021-06-30 03:30:00,0.0
2021-06-30 03:45:00,0.0
2021-06-30 04:00:00,0.0
2021-06-30 04:15:00,0.0
2021-06-30 04:30:00,0.0
2021-06-30 04:45:00,0.0
2021-06-30 05:00:00,0.0
2021-06-30 05:15:00,0.0
2021-06-30 05:30:00,0.0
2021-06-30 05:45:00,0.0
2021-06-30 06:00:00,0.0
2021-06-30 06:15:00,0.0
2021-06-30 06:30:00,0.0
2021-06-30 06:45:00,0.0
2021-06-30 07:00:00,0.0
2021-06-30 07:15:00,0.0
2021-06-30 07:30:00,0.0
2021-06-30 07:45:00,0.0
2021-06-30 08:00:00,0.0
2021-06-30 08:15:00,0.0
2021-06-30 08:30:00,0.0
2021-06-30 08:45:00,0.0
2021-06-30 09:00:00,0.0
2021-06-30 09:15:00,0.0
2021-06-30 09:30:00,0.0
2021-06-30 09:45:00,0.0
2021-06-30 10:00:00,0.0
2021-06-30 10:15:00,0.0
2021-06-30 10:30:00,0.0
2021-06-30 10:45:00,0.0
2021-06-30 11:00:00,0.0
2021-06-30 11:15:00,0.0
2021-06-30 11:30:00,0.0
2021-06-30 11:45:00,0.0
2021-06-30 12:00:00,0.0
2021-06-30 12:15:00,0.0
2021-06-30 12:30:00,0.0
2021-06-30 12:44:00,0.0
2021-06-30 12:45:00,0.01
2021-06-30 12:47:00,0.0
2021-06-30 12:48:00,0.01
2021-06-30 13:00:00,0.0
2021-06-30 13:15:00,0.0
2021-06-30 13:30:00,0.0
2021-06-30 13:45:00,0.0
2021-06-30 14:00:00,0.0
2021-06-30 14:15:00,0.0
2021-06-30 14:30:00,0.0
2021-06-30 14:45:00,0.0
2021-06-30 15:00:00,0.0
2021-06-30 15:15:00,0.0
2021-06-30 15:30:00,0.0
2021-06-30 15:32:00,0.0
2021-06-30 15:33:00,0.01
2021-06-30 15:45:00,0.0
2021-06-30 16:00:00,0.0
2021-06-30 16:15:00,0.0
2021-06-30 16:30:00,0.0
2021-06-30 16:45:00,0.0
2021-06-30 17:00:00,0.0
2021-06-30 17:15:00,0.0
2021-06-30 17:30:00,0.0
2021-06-30 17:45:00,0.0
2021-06-30 18:00:00,0.0
2021-06-30 18:15:00,0.0
2021-06-30 18:30:00,0.0
2021-06-30 18:45:00,0.0
2021-06-30 19:00:00,0.0
2021-06-30 19:15:00,0.0
2021-06-30 19:30:00,0.0
2021-06-30 19:45:00,0.0
2021-06-30 20:00:00,0.0
2021-06-30 20:15:00,0.0
2021-06-30 20:30:00,0.0
2021-06-30 20:45:00,0.0
2021-06-30 21:00:00,0.0
2021-06-30 21:15:00,0.0
2021-06-30 21:30:00,0.0
2021-06-30 21:45:00,0.0
2021-06-30 22:00:00,0.0
2021-06-30 22:15:00,0.0
2021-06-30 22:30:00,0.0
2021-06-30 22:45:00,0.0
2021-06-30 23:00:00,0.0
2021-06-30 23:15:00,0.0
2021-06-30 23:30:00,0.0
2021-06-30 23:45:00,0.0
2021-07-01 00:00:00,0.0
2021-07-01 00:15:00,0.0
2021-07-01 00:30:00,0.0
2021-07-01 00:45:00,0.0
2021-07-01 01:00:00,0.0
2021-07-01 01:15:00,0.0
2021-07-01 01:30:00,0.0
2021-07-01 01:45:00,0.0
2021-07-01 02:00:00,0.0
2021-07-01 02:15:00,0.0
2021-07-01 02:30:00,0.0
2021-07-01 02:45:00,0.0
2021-07-01 03:00:00,0.0
2021-07-01 03:15:00,0.0
2021-07-01 03:30:00,0.0
2021-07-01 03:45:00,0.0
2021-07-01 04:00:00,0.0
2021-07-01 04:15:00,0.0
2021-07-01 04:30:00,0.0
2021-07-01 04:45:00,0.0
2021-07-01 05:00:00,0.0
2021-07-01 05:15:00,0.0
2021-07-01 05:30:00,0.0
2021-07-01 05:45:00,0.0
2021-07-01 06:00:00,0.0
2021-07-01 06:15:00,0.0
2021-07-01 06:30:00,0.0
2021-07-01 06:45:00,0.0
2021-07-01 07:00:00,0.0
2021-07-01 07:15:00,0.0
2021-07-01 07:30:00,0.0
2021-07-01 07:45:00,0.0
2021-07-01 08:00:00,0.0
2021-07-01 08:15:00,0.0
2021-07-01 08:30:00,0.0
2021-07-01 08:45:00,0.0
2021-07-01 09:00:00,0.0
2021-07-01 09:15:00,0.0
2021-07-01 09:30:00,0.0
2021-07-01 09:45:00,0.0
2021-07-01 10:00:00,0.0
2021-07-01 10:15:00,0.0
2021-07-01 10:30:00,0.0
2021-07-01 10:45:00,0.0
2021-07-01 11:00:00,0.0
2021-07-01 11:15:00,0.0
2021-07-01 11:30:00,0.0
2021-07-01 11:45:00,0.0
2021-07-01 12:00:00,0.0
2021-07-01 12:15:00,0.0
2021-07-01 12:30:00,0.0
2021-07-01 12:45:00,0.0
2021-07-01 13:00:00,0.0
